Method,Avg_Lat,Avg_TP,Total_Vio
Static,70.53935851323054,383.729,136
Demand-Based,78.73048623686533,369.97308879639104,80
SAC (AI),110.24698551036849,355.52428730427727,173
